season_label,count,mean,std,median
spring,756,12.84633528840344,29.50611078026651,4.0
winter,151,6.03962255794702,13.96066690001986,2.0
