rat_present,count,mean,std,median
1,907,11.713133940775084,27.644409680199594,4.0
