bat_present,count,mean,std,median
0,5,31.7633333328,49.433281917540505,10.08333333
1,2118,1.9241658797176582,6.288408985096574,0.0
