bat_present,count,mean,std,median
0,5,2.6,1.3416407864998738,2.0
1,2118,0.4395656279508971,1.0133181160599312,0.0
