metric,value
rmse_log,0.866873906511827
r2_log,0.4479249128400047
rmse_orig,14.679353837603315
mae_orig,6.737195413299148
